side,N,prec,iters,event,per_transform
fftw,60,f64,5000000,cycles,191.608547
fftw,60,f64,5000000,fp_arith_inst_retired.128b_packed_double,0.0
fftw,60,f64,5000000,fp_arith_inst_retired.128b_packed_single,0.0
fftw,60,f64,5000000,fp_arith_inst_retired.256b_packed_double,358.4197236
fftw,60,f64,5000000,fp_arith_inst_retired.256b_packed_single,0.0
fftw,60,f64,5000000,fp_arith_inst_retired.512b_packed_double,0.0
fftw,60,f64,5000000,fp_arith_inst_retired.512b_packed_single,0.0
fftw,60,f64,5000000,fp_arith_inst_retired.scalar_double,1.0012596
fftw,60,f64,5000000,fp_arith_inst_retired.scalar_single,0.0
fftw,60,f64,5000000,instructions,828.9005454
yafft_v2,60,f64,5000000,cycles,568.8354564
yafft_v2,60,f64,5000000,fp_arith_inst_retired.128b_packed_double,873.3590056
yafft_v2,60,f64,5000000,fp_arith_inst_retired.128b_packed_single,0.0
yafft_v2,60,f64,5000000,fp_arith_inst_retired.256b_packed_double,0.0
yafft_v2,60,f64,5000000,fp_arith_inst_retired.256b_packed_single,0.0
yafft_v2,60,f64,5000000,fp_arith_inst_retired.512b_packed_double,0.0
yafft_v2,60,f64,5000000,fp_arith_inst_retired.512b_packed_single,0.0
yafft_v2,60,f64,5000000,fp_arith_inst_retired.scalar_double,0.9989438
yafft_v2,60,f64,5000000,fp_arith_inst_retired.scalar_single,0.0
yafft_v2,60,f64,5000000,instructions,3345.4376994
yafft_v3,60,f64,5000000,cycles,375.418325
yafft_v3,60,f64,5000000,fp_arith_inst_retired.128b_packed_double,0.0003682
yafft_v3,60,f64,5000000,fp_arith_inst_retired.128b_packed_single,0.0
yafft_v3,60,f64,5000000,fp_arith_inst_retired.256b_packed_double,403.977201
yafft_v3,60,f64,5000000,fp_arith_inst_retired.256b_packed_single,0.0
yafft_v3,60,f64,5000000,fp_arith_inst_retired.512b_packed_double,0.0
yafft_v3,60,f64,5000000,fp_arith_inst_retired.512b_packed_single,0.0
yafft_v3,60,f64,5000000,fp_arith_inst_retired.scalar_double,49.0405958
yafft_v3,60,f64,5000000,fp_arith_inst_retired.scalar_single,0.0
yafft_v3,60,f64,5000000,instructions,1894.6497532
yafft_v4,60,f64,5000000,cycles,369.5732688
yafft_v4,60,f64,5000000,fp_arith_inst_retired.128b_packed_double,-1.32e-05
yafft_v4,60,f64,5000000,fp_arith_inst_retired.128b_packed_single,0.0
yafft_v4,60,f64,5000000,fp_arith_inst_retired.256b_packed_double,0.0
yafft_v4,60,f64,5000000,fp_arith_inst_retired.256b_packed_single,0.0
yafft_v4,60,f64,5000000,fp_arith_inst_retired.512b_packed_double,180.2610862
yafft_v4,60,f64,5000000,fp_arith_inst_retired.512b_packed_single,0.0
yafft_v4,60,f64,5000000,fp_arith_inst_retired.scalar_double,1.0013738
yafft_v4,60,f64,5000000,fp_arith_inst_retired.scalar_single,0.0
yafft_v4,60,f64,5000000,instructions,961.7059554
fftw,120,f64,2500000,cycles,674.0179904
fftw,120,f64,2500000,fp_arith_inst_retired.128b_packed_double,0.0
fftw,120,f64,2500000,fp_arith_inst_retired.128b_packed_single,0.0
fftw,120,f64,2500000,fp_arith_inst_retired.256b_packed_double,789.5457268
fftw,120,f64,2500000,fp_arith_inst_retired.256b_packed_single,0.0
fftw,120,f64,2500000,fp_arith_inst_retired.512b_packed_double,0.0
fftw,120,f64,2500000,fp_arith_inst_retired.512b_packed_single,0.0
fftw,120,f64,2500000,fp_arith_inst_retired.scalar_double,1.0054824
fftw,120,f64,2500000,fp_arith_inst_retired.scalar_single,0.0
fftw,120,f64,2500000,instructions,1568.8535348
yafft_v2,120,f64,2500000,cycles,1047.6778176
yafft_v2,120,f64,2500000,fp_arith_inst_retired.128b_packed_double,1818.2291512
yafft_v2,120,f64,2500000,fp_arith_inst_retired.128b_packed_single,0.0
yafft_v2,120,f64,2500000,fp_arith_inst_retired.256b_packed_double,0.0
yafft_v2,120,f64,2500000,fp_arith_inst_retired.256b_packed_single,0.0
yafft_v2,120,f64,2500000,fp_arith_inst_retired.512b_packed_double,0.0
yafft_v2,120,f64,2500000,fp_arith_inst_retired.512b_packed_single,0.0
yafft_v2,120,f64,2500000,fp_arith_inst_retired.scalar_double,57.00441
yafft_v2,120,f64,2500000,fp_arith_inst_retired.scalar_single,0.0
yafft_v2,120,f64,2500000,instructions,5978.8763444
yafft_v3,120,f64,2500000,cycles,664.5135828
yafft_v3,120,f64,2500000,fp_arith_inst_retired.128b_packed_double,4e-07
yafft_v3,120,f64,2500000,fp_arith_inst_retired.128b_packed_single,0.0
yafft_v3,120,f64,2500000,fp_arith_inst_retired.256b_packed_double,879.4327948
yafft_v3,120,f64,2500000,fp_arith_inst_retired.256b_packed_single,0.0
yafft_v3,120,f64,2500000,fp_arith_inst_retired.512b_packed_double,0.0
yafft_v3,120,f64,2500000,fp_arith_inst_retired.512b_packed_single,0.0
yafft_v3,120,f64,2500000,fp_arith_inst_retired.scalar_double,169.2606968
yafft_v3,120,f64,2500000,fp_arith_inst_retired.scalar_single,0.0
yafft_v3,120,f64,2500000,instructions,3311.3495156
yafft_v4,120,f64,2500000,cycles,487.6862312
yafft_v4,120,f64,2500000,fp_arith_inst_retired.128b_packed_double,-8e-07
yafft_v4,120,f64,2500000,fp_arith_inst_retired.128b_packed_single,0.0
yafft_v4,120,f64,2500000,fp_arith_inst_retired.256b_packed_double,0.0
yafft_v4,120,f64,2500000,fp_arith_inst_retired.256b_packed_single,0.0
yafft_v4,120,f64,2500000,fp_arith_inst_retired.512b_packed_double,546.0740392
yafft_v4,120,f64,2500000,fp_arith_inst_retired.512b_packed_single,0.0
yafft_v4,120,f64,2500000,fp_arith_inst_retired.scalar_double,0.9993984
yafft_v4,120,f64,2500000,fp_arith_inst_retired.scalar_single,0.0
yafft_v4,120,f64,2500000,instructions,1838.3545156
fftw,256,f64,1171875,cycles,711.3609506133333
fftw,256,f64,1171875,fp_arith_inst_retired.128b_packed_double,0.0
fftw,256,f64,1171875,fp_arith_inst_retired.128b_packed_single,0.0
fftw,256,f64,1171875,fp_arith_inst_retired.256b_packed_double,1827.3540027733334
fftw,256,f64,1171875,fp_arith_inst_retired.256b_packed_single,0.0
fftw,256,f64,1171875,fp_arith_inst_retired.512b_packed_double,0.0
fftw,256,f64,1171875,fp_arith_inst_retired.512b_packed_single,0.0
fftw,256,f64,1171875,fp_arith_inst_retired.scalar_double,0.9960772266666666
fftw,256,f64,1171875,fp_arith_inst_retired.scalar_single,0.0
fftw,256,f64,1171875,instructions,3376.9089092266668
yafft_v2,256,f64,1171875,cycles,2095.837934933333
yafft_v2,256,f64,1171875,fp_arith_inst_retired.128b_packed_double,3779.22979584
yafft_v2,256,f64,1171875,fp_arith_inst_retired.128b_packed_single,0.0
yafft_v2,256,f64,1171875,fp_arith_inst_retired.256b_packed_double,0.0
yafft_v2,256,f64,1171875,fp_arith_inst_retired.256b_packed_single,0.0
yafft_v2,256,f64,1171875,fp_arith_inst_retired.512b_packed_double,0.0
yafft_v2,256,f64,1171875,fp_arith_inst_retired.512b_packed_single,0.0
yafft_v2,256,f64,1171875,fp_arith_inst_retired.scalar_double,1.0007552
yafft_v2,256,f64,1171875,fp_arith_inst_retired.scalar_single,0.0
yafft_v2,256,f64,1171875,instructions,11680.095212373333
yafft_v3,256,f64,1171875,cycles,1250.5624132266666
yafft_v3,256,f64,1171875,fp_arith_inst_retired.128b_packed_double,0.00677632
yafft_v3,256,f64,1171875,fp_arith_inst_retired.128b_packed_single,0.0
yafft_v3,256,f64,1171875,fp_arith_inst_retired.256b_packed_double,1854.805568
yafft_v3,256,f64,1171875,fp_arith_inst_retired.256b_packed_single,0.0
yafft_v3,256,f64,1171875,fp_arith_inst_retired.512b_packed_double,0.0
yafft_v3,256,f64,1171875,fp_arith_inst_retired.512b_packed_single,0.0
yafft_v3,256,f64,1171875,fp_arith_inst_retired.scalar_double,0.99979264
yafft_v3,256,f64,1171875,fp_arith_inst_retired.scalar_single,0.0
yafft_v3,256,f64,1171875,instructions,6059.940811093334
yafft_v4,256,f64,1171875,cycles,898.62503936
yafft_v4,256,f64,1171875,fp_arith_inst_retired.128b_packed_double,-5.12e-06
yafft_v4,256,f64,1171875,fp_arith_inst_retired.128b_packed_single,0.0
yafft_v4,256,f64,1171875,fp_arith_inst_retired.256b_packed_double,0.0
yafft_v4,256,f64,1171875,fp_arith_inst_retired.256b_packed_single,0.0
yafft_v4,256,f64,1171875,fp_arith_inst_retired.512b_packed_double,916.6364782933333
yafft_v4,256,f64,1171875,fp_arith_inst_retired.512b_packed_single,0.0
yafft_v4,256,f64,1171875,fp_arith_inst_retired.scalar_double,0.9987106133333333
yafft_v4,256,f64,1171875,fp_arith_inst_retired.scalar_single,0.0
yafft_v4,256,f64,1171875,instructions,2905.166296746667
fftw,512,f64,585937,cycles,1599.196466514318
fftw,512,f64,585937,fp_arith_inst_retired.128b_packed_double,0.0
fftw,512,f64,585937,fp_arith_inst_retired.128b_packed_single,0.0
fftw,512,f64,585937,fp_arith_inst_retired.256b_packed_double,4232.737217482426
fftw,512,f64,585937,fp_arith_inst_retired.256b_packed_single,0.0
fftw,512,f64,585937,fp_arith_inst_retired.512b_packed_double,0.0
fftw,512,f64,585937,fp_arith_inst_retired.512b_packed_single,0.0
fftw,512,f64,585937,fp_arith_inst_retired.scalar_double,1.0011434676424258
fftw,512,f64,585937,fp_arith_inst_retired.scalar_single,0.0
fftw,512,f64,585937,instructions,7308.7534888563105
yafft_v2,512,f64,585937,cycles,4460.997412691126
yafft_v2,512,f64,585937,fp_arith_inst_retired.128b_packed_double,8317.331842843172
yafft_v2,512,f64,585937,fp_arith_inst_retired.128b_packed_single,0.0
yafft_v2,512,f64,585937,fp_arith_inst_retired.256b_packed_double,0.0
yafft_v2,512,f64,585937,fp_arith_inst_retired.256b_packed_single,0.0
yafft_v2,512,f64,585937,fp_arith_inst_retired.512b_packed_double,0.0
yafft_v2,512,f64,585937,fp_arith_inst_retired.512b_packed_single,0.0
yafft_v2,512,f64,585937,fp_arith_inst_retired.scalar_double,0.9995972263229664
yafft_v2,512,f64,585937,fp_arith_inst_retired.scalar_single,0.0
yafft_v2,512,f64,585937,instructions,24271.537880352324
yafft_v3,512,f64,585937,cycles,2450.8439559201756
yafft_v3,512,f64,585937,fp_arith_inst_retired.128b_packed_double,-1.8773349353258116e-05
yafft_v3,512,f64,585937,fp_arith_inst_retired.128b_packed_single,0.0
yafft_v3,512,f64,585937,fp_arith_inst_retired.256b_packed_double,4157.297639507319
yafft_v3,512,f64,585937,fp_arith_inst_retired.256b_packed_single,0.0
yafft_v3,512,f64,585937,fp_arith_inst_retired.512b_packed_double,0.0
yafft_v3,512,f64,585937,fp_arith_inst_retired.512b_packed_single,0.0
yafft_v3,512,f64,585937,fp_arith_inst_retired.scalar_double,0.9999590399650474
yafft_v3,512,f64,585937,fp_arith_inst_retired.scalar_single,0.0
yafft_v3,512,f64,585937,instructions,11079.335851806594
yafft_v4,512,f64,585937,cycles,1677.1119420688572
yafft_v4,512,f64,585937,fp_arith_inst_retired.128b_packed_double,-4.778670744465702e-05
yafft_v4,512,f64,585937,fp_arith_inst_retired.128b_packed_single,0.0
yafft_v4,512,f64,585937,fp_arith_inst_retired.256b_packed_double,0.0
yafft_v4,512,f64,585937,fp_arith_inst_retired.256b_packed_single,0.0
yafft_v4,512,f64,585937,fp_arith_inst_retired.512b_packed_double,2155.351815980216
yafft_v4,512,f64,585937,fp_arith_inst_retired.512b_packed_single,0.0
yafft_v4,512,f64,585937,fp_arith_inst_retired.scalar_double,0.9814007307952903
yafft_v4,512,f64,585937,fp_arith_inst_retired.scalar_single,0.0
yafft_v4,512,f64,585937,instructions,5374.8426383723845
fftw,1024,f64,292968,cycles,4006.842170475956
fftw,1024,f64,292968,fp_arith_inst_retired.128b_packed_double,0.0
fftw,1024,f64,292968,fp_arith_inst_retired.128b_packed_single,0.0
fftw,1024,f64,292968,fp_arith_inst_retired.256b_packed_double,9609.05762404085
fftw,1024,f64,292968,fp_arith_inst_retired.256b_packed_single,0.0
fftw,1024,f64,292968,fp_arith_inst_retired.512b_packed_double,0.0
fftw,1024,f64,292968,fp_arith_inst_retired.512b_packed_single,0.0
fftw,1024,f64,292968,fp_arith_inst_retired.scalar_double,1.0029696076021954
fftw,1024,f64,292968,fp_arith_inst_retired.scalar_single,0.0
fftw,1024,f64,292968,instructions,17736.921377078725
yafft_v2,1024,f64,292968,cycles,11185.695314846673
yafft_v2,1024,f64,292968,fp_arith_inst_retired.128b_packed_double,19444.59597976571
yafft_v2,1024,f64,292968,fp_arith_inst_retired.128b_packed_single,0.0
yafft_v2,1024,f64,292968,fp_arith_inst_retired.256b_packed_double,0.0
yafft_v2,1024,f64,292968,fp_arith_inst_retired.256b_packed_single,0.0
yafft_v2,1024,f64,292968,fp_arith_inst_retired.512b_packed_double,0.0
yafft_v2,1024,f64,292968,fp_arith_inst_retired.512b_packed_single,0.0
yafft_v2,1024,f64,292968,fp_arith_inst_retired.scalar_double,0.9998088528439966
yafft_v2,1024,f64,292968,fp_arith_inst_retired.scalar_single,0.0
yafft_v2,1024,f64,292968,instructions,53941.76669124273
yafft_v3,1024,f64,292968,cycles,8667.45135646214
yafft_v3,1024,f64,292968,fp_arith_inst_retired.128b_packed_double,1.3653368285956146e-05
yafft_v3,1024,f64,292968,fp_arith_inst_retired.128b_packed_single,0.0
yafft_v3,1024,f64,292968,fp_arith_inst_retired.256b_packed_double,9603.468634799705
yafft_v3,1024,f64,292968,fp_arith_inst_retired.256b_packed_single,0.0
yafft_v3,1024,f64,292968,fp_arith_inst_retired.512b_packed_double,0.0
yafft_v3,1024,f64,292968,fp_arith_inst_retired.512b_packed_single,0.0
yafft_v3,1024,f64,292968,fp_arith_inst_retired.scalar_double,1.0028876873924797
yafft_v3,1024,f64,292968,fp_arith_inst_retired.scalar_single,0.0
yafft_v3,1024,f64,292968,instructions,25401.616111657248
yafft_v4,1024,f64,292968,cycles,5157.487729035253
yafft_v4,1024,f64,292968,fp_arith_inst_retired.128b_packed_double,0.00011946697250211627
yafft_v4,1024,f64,292968,fp_arith_inst_retired.128b_packed_single,0.0
yafft_v4,1024,f64,292968,fp_arith_inst_retired.256b_packed_double,0.0
yafft_v4,1024,f64,292968,fp_arith_inst_retired.256b_packed_single,0.0
yafft_v4,1024,f64,292968,fp_arith_inst_retired.512b_packed_double,4903.571147702138
yafft_v4,1024,f64,292968,fp_arith_inst_retired.512b_packed_single,0.0
yafft_v4,1024,f64,292968,fp_arith_inst_retired.scalar_double,1.003399688703203
yafft_v4,1024,f64,292968,fp_arith_inst_retired.scalar_single,0.0
yafft_v4,1024,f64,292968,instructions,11134.421537505803
fftw,2048,f64,146484,cycles,10596.956138554382
fftw,2048,f64,146484,fp_arith_inst_retired.128b_packed_double,0.0
fftw,2048,f64,146484,fp_arith_inst_retired.128b_packed_single,0.0
fftw,2048,f64,146484,fp_arith_inst_retired.256b_packed_double,21607.39569509298
fftw,2048,f64,146484,fp_arith_inst_retired.256b_packed_single,0.0
fftw,2048,f64,146484,fp_arith_inst_retired.512b_packed_double,0.0
fftw,2048,f64,146484,fp_arith_inst_retired.512b_packed_single,0.0
fftw,2048,f64,146484,fp_arith_inst_retired.scalar_double,1.000866988886158
fftw,2048,f64,146484,fp_arith_inst_retired.scalar_single,0.0
fftw,2048,f64,146484,instructions,37288.68509871385
yafft_v2,2048,f64,146484,cycles,24345.257113404878
yafft_v2,2048,f64,146484,fp_arith_inst_retired.128b_packed_double,41995.17488599438
yafft_v2,2048,f64,146484,fp_arith_inst_retired.128b_packed_single,0.0
yafft_v2,2048,f64,146484,fp_arith_inst_retired.256b_packed_double,0.0
yafft_v2,2048,f64,146484,fp_arith_inst_retired.256b_packed_single,0.0
yafft_v2,2048,f64,146484,fp_arith_inst_retired.512b_packed_double,0.0
yafft_v2,2048,f64,146484,fp_arith_inst_retired.512b_packed_single,0.0
yafft_v2,2048,f64,146484,fp_arith_inst_retired.scalar_double,0.9995767455831354
yafft_v2,2048,f64,146484,fp_arith_inst_retired.scalar_single,0.0
yafft_v2,2048,f64,146484,instructions,111188.78210589553
yafft_v3,2048,f64,146484,cycles,19623.038325004778
yafft_v3,2048,f64,146484,fp_arith_inst_retired.128b_packed_double,0.0002252805767182764
yafft_v3,2048,f64,146484,fp_arith_inst_retired.128b_packed_single,0.0
yafft_v3,2048,f64,146484,fp_arith_inst_retired.256b_packed_double,21013.773156112613
yafft_v3,2048,f64,146484,fp_arith_inst_retired.256b_packed_single,0.0
yafft_v3,2048,f64,146484,fp_arith_inst_retired.512b_packed_double,0.0
yafft_v3,2048,f64,146484,fp_arith_inst_retired.512b_packed_single,0.0
yafft_v3,2048,f64,146484,fp_arith_inst_retired.scalar_double,1.0001638404194315
yafft_v3,2048,f64,146484,fp_arith_inst_retired.scalar_single,0.0
yafft_v3,2048,f64,146484,instructions,48858.36462685344
yafft_v4,2048,f64,146484,cycles,12946.145934026925
yafft_v4,2048,f64,146484,fp_arith_inst_retired.128b_packed_double,0.3881993937904481
yafft_v4,2048,f64,146484,fp_arith_inst_retired.128b_packed_single,0.0
yafft_v4,2048,f64,146484,fp_arith_inst_retired.256b_packed_double,0.0
yafft_v4,2048,f64,146484,fp_arith_inst_retired.256b_packed_single,0.0
yafft_v4,2048,f64,146484,fp_arith_inst_retired.512b_packed_double,10281.652726577646
yafft_v4,2048,f64,146484,fp_arith_inst_retired.512b_packed_single,0.0
yafft_v4,2048,f64,146484,fp_arith_inst_retired.scalar_double,1.000969389148303
yafft_v4,2048,f64,146484,fp_arith_inst_retired.scalar_single,0.0
yafft_v4,2048,f64,146484,instructions,26986.871221430327
fftw,4096,f64,100000,cycles,28618.6529
fftw,4096,f64,100000,fp_arith_inst_retired.128b_packed_double,0.0
fftw,4096,f64,100000,fp_arith_inst_retired.128b_packed_single,0.0
fftw,4096,f64,100000,fp_arith_inst_retired.256b_packed_double,46957.87034
fftw,4096,f64,100000,fp_arith_inst_retired.256b_packed_single,0.0
fftw,4096,f64,100000,fp_arith_inst_retired.512b_packed_double,0.0
fftw,4096,f64,100000,fp_arith_inst_retired.512b_packed_single,0.0
fftw,4096,f64,100000,fp_arith_inst_retired.scalar_double,4.72956
fftw,4096,f64,100000,fp_arith_inst_retired.scalar_single,0.0
fftw,4096,f64,100000,instructions,90693.78856
yafft_v2,4096,f64,100000,cycles,58666.16001
yafft_v2,4096,f64,100000,fp_arith_inst_retired.128b_packed_double,95220.21237
yafft_v2,4096,f64,100000,fp_arith_inst_retired.128b_packed_single,0.0
yafft_v2,4096,f64,100000,fp_arith_inst_retired.256b_packed_double,0.0
yafft_v2,4096,f64,100000,fp_arith_inst_retired.256b_packed_single,0.0
yafft_v2,4096,f64,100000,fp_arith_inst_retired.512b_packed_double,0.0
yafft_v2,4096,f64,100000,fp_arith_inst_retired.512b_packed_single,0.0
yafft_v2,4096,f64,100000,fp_arith_inst_retired.scalar_double,0.99891
yafft_v2,4096,f64,100000,fp_arith_inst_retired.scalar_single,0.0
yafft_v2,4096,f64,100000,instructions,276198.68643
yafft_v3,4096,f64,100000,cycles,47082.55453
yafft_v3,4096,f64,100000,fp_arith_inst_retired.128b_packed_double,0.00056
yafft_v3,4096,f64,100000,fp_arith_inst_retired.128b_packed_single,0.0
yafft_v3,4096,f64,100000,fp_arith_inst_retired.256b_packed_double,47637.83002
yafft_v3,4096,f64,100000,fp_arith_inst_retired.256b_packed_single,0.0
yafft_v3,4096,f64,100000,fp_arith_inst_retired.512b_packed_double,0.0
yafft_v3,4096,f64,100000,fp_arith_inst_retired.512b_packed_single,0.0
yafft_v3,4096,f64,100000,fp_arith_inst_retired.scalar_double,4.69652
yafft_v3,4096,f64,100000,fp_arith_inst_retired.scalar_single,0.0
yafft_v3,4096,f64,100000,instructions,133429.1485
yafft_v4,4096,f64,100000,cycles,30884.84898
yafft_v4,4096,f64,100000,fp_arith_inst_retired.128b_packed_double,1.13757
yafft_v4,4096,f64,100000,fp_arith_inst_retired.128b_packed_single,0.0
yafft_v4,4096,f64,100000,fp_arith_inst_retired.256b_packed_double,0.0
yafft_v4,4096,f64,100000,fp_arith_inst_retired.256b_packed_single,0.0
yafft_v4,4096,f64,100000,fp_arith_inst_retired.512b_packed_double,22369.87156
yafft_v4,4096,f64,100000,fp_arith_inst_retired.512b_packed_single,0.0
yafft_v4,4096,f64,100000,fp_arith_inst_retired.scalar_double,0.99777
yafft_v4,4096,f64,100000,fp_arith_inst_retired.scalar_single,0.0
yafft_v4,4096,f64,100000,instructions,56894.11016
fftw,60,f32,5000000,cycles,163.1558888
fftw,60,f32,5000000,fp_arith_inst_retired.128b_packed_double,-3.72e-05
fftw,60,f32,5000000,fp_arith_inst_retired.128b_packed_single,64.0268366
fftw,60,f32,5000000,fp_arith_inst_retired.256b_packed_double,0.0
fftw,60,f32,5000000,fp_arith_inst_retired.256b_packed_single,154.677808
fftw,60,f32,5000000,fp_arith_inst_retired.512b_packed_double,0.0
fftw,60,f32,5000000,fp_arith_inst_retired.512b_packed_single,0.0
fftw,60,f32,5000000,fp_arith_inst_retired.scalar_double,-1.2e-06
fftw,60,f32,5000000,fp_arith_inst_retired.scalar_single,0.997753
fftw,60,f32,5000000,instructions,869.3190162
yafft_v2,60,f32,5000000,cycles,352.9906352
yafft_v2,60,f32,5000000,fp_arith_inst_retired.128b_packed_double,0.0003684
yafft_v2,60,f32,5000000,fp_arith_inst_retired.128b_packed_single,404.2382114
yafft_v2,60,f32,5000000,fp_arith_inst_retired.256b_packed_double,0.0
yafft_v2,60,f32,5000000,fp_arith_inst_retired.256b_packed_single,0.0
yafft_v2,60,f32,5000000,fp_arith_inst_retired.512b_packed_double,0.0
yafft_v2,60,f32,5000000,fp_arith_inst_retired.512b_packed_single,0.0
yafft_v2,60,f32,5000000,fp_arith_inst_retired.scalar_double,-1.4e-06
yafft_v2,60,f32,5000000,fp_arith_inst_retired.scalar_single,48.9868084
yafft_v2,60,f32,5000000,instructions,2094.264462
yafft_v3,60,f32,5000000,cycles,264.4261454
yafft_v3,60,f32,5000000,fp_arith_inst_retired.128b_packed_double,0.0
yafft_v3,60,f32,5000000,fp_arith_inst_retired.128b_packed_single,317.0600322
yafft_v3,60,f32,5000000,fp_arith_inst_retired.256b_packed_double,0.0
yafft_v3,60,f32,5000000,fp_arith_inst_retired.256b_packed_single,34.0136772
yafft_v3,60,f32,5000000,fp_arith_inst_retired.512b_packed_double,0.0
yafft_v3,60,f32,5000000,fp_arith_inst_retired.512b_packed_single,0.0
yafft_v3,60,f32,5000000,fp_arith_inst_retired.scalar_double,6e-07
yafft_v3,60,f32,5000000,fp_arith_inst_retired.scalar_single,103.223335
yafft_v3,60,f32,5000000,instructions,1278.4762056
yafft_v4,60,f32,5000000,cycles,170.9006424
yafft_v4,60,f32,5000000,fp_arith_inst_retired.128b_packed_double,0.0
yafft_v4,60,f32,5000000,fp_arith_inst_retired.128b_packed_single,0.0
yafft_v4,60,f32,5000000,fp_arith_inst_retired.256b_packed_double,0.0
yafft_v4,60,f32,5000000,fp_arith_inst_retired.256b_packed_single,0.0
yafft_v4,60,f32,5000000,fp_arith_inst_retired.512b_packed_double,0.0
yafft_v4,60,f32,5000000,fp_arith_inst_retired.512b_packed_single,97.9194682
yafft_v4,60,f32,5000000,fp_arith_inst_retired.scalar_double,2e-07
yafft_v4,60,f32,5000000,fp_arith_inst_retired.scalar_single,0.9977356
yafft_v4,60,f32,5000000,instructions,511.1357656
fftw,120,f32,2500000,cycles,255.4286848
fftw,120,f32,2500000,fp_arith_inst_retired.128b_packed_double,3.6e-06
fftw,120,f32,2500000,fp_arith_inst_retired.128b_packed_single,289.523022
fftw,120,f32,2500000,fp_arith_inst_retired.256b_packed_double,-5.2e-06
fftw,120,f32,2500000,fp_arith_inst_retired.256b_packed_single,250.4107944
fftw,120,f32,2500000,fp_arith_inst_retired.512b_packed_double,0.0
fftw,120,f32,2500000,fp_arith_inst_retired.512b_packed_single,0.0
fftw,120,f32,2500000,fp_arith_inst_retired.scalar_double,-2e-06
fftw,120,f32,2500000,fp_arith_inst_retired.scalar_single,0.989262
fftw,120,f32,2500000,instructions,1204.5849224
yafft_v2,120,f32,2500000,cycles,651.3018992
yafft_v2,120,f32,2500000,fp_arith_inst_retired.128b_packed_double,-8e-07
yafft_v2,120,f32,2500000,fp_arith_inst_retired.128b_packed_single,878.760296
yafft_v2,120,f32,2500000,fp_arith_inst_retired.256b_packed_double,0.0
yafft_v2,120,f32,2500000,fp_arith_inst_retired.256b_packed_single,0.0
yafft_v2,120,f32,2500000,fp_arith_inst_retired.512b_packed_double,0.0
yafft_v2,120,f32,2500000,fp_arith_inst_retired.512b_packed_single,0.0
yafft_v2,120,f32,2500000,fp_arith_inst_retired.scalar_double,-0.005236
yafft_v2,120,f32,2500000,fp_arith_inst_retired.scalar_single,169.3267816
yafft_v2,120,f32,2500000,instructions,3810.1292628
yafft_v3,120,f32,2500000,cycles,521.7746724
yafft_v3,120,f32,2500000,fp_arith_inst_retired.128b_packed_double,0.0013772
yafft_v3,120,f32,2500000,fp_arith_inst_retired.128b_packed_single,0.0
yafft_v3,120,f32,2500000,fp_arith_inst_retired.256b_packed_double,0.0
yafft_v3,120,f32,2500000,fp_arith_inst_retired.256b_packed_single,412.6683972
yafft_v3,120,f32,2500000,fp_arith_inst_retired.512b_packed_double,0.0
yafft_v3,120,f32,2500000,fp_arith_inst_retired.512b_packed_single,0.0
yafft_v3,120,f32,2500000,fp_arith_inst_retired.scalar_double,4.4e-06
yafft_v3,120,f32,2500000,fp_arith_inst_retired.scalar_single,391.7138984
yafft_v3,120,f32,2500000,instructions,2556.9987208
yafft_v4,120,f32,2500000,cycles,511.297938
yafft_v4,120,f32,2500000,fp_arith_inst_retired.128b_packed_double,0.0
yafft_v4,120,f32,2500000,fp_arith_inst_retired.128b_packed_single,98.3018772
yafft_v4,120,f32,2500000,fp_arith_inst_retired.256b_packed_double,2.64e-05
yafft_v4,120,f32,2500000,fp_arith_inst_retired.256b_packed_single,380.3463212
yafft_v4,120,f32,2500000,fp_arith_inst_retired.512b_packed_double,0.0
yafft_v4,120,f32,2500000,fp_arith_inst_retired.512b_packed_single,0.0
yafft_v4,120,f32,2500000,fp_arith_inst_retired.scalar_double,-4e-07
yafft_v4,120,f32,2500000,fp_arith_inst_retired.scalar_single,295.4710772
yafft_v4,120,f32,2500000,instructions,1685.5130872
fftw,256,f32,1171875,cycles,414.57819904
fftw,256,f32,1171875,fp_arith_inst_retired.128b_packed_double,5.12e-06
fftw,256,f32,1171875,fp_arith_inst_retired.128b_packed_single,0.0
fftw,256,f32,1171875,fp_arith_inst_retired.256b_packed_double,0.0
fftw,256,f32,1171875,fp_arith_inst_retired.256b_packed_single,933.8089489066666
fftw,256,f32,1171875,fp_arith_inst_retired.512b_packed_double,0.0
fftw,256,f32,1171875,fp_arith_inst_retired.512b_packed_single,0.0
fftw,256,f32,1171875,fp_arith_inst_retired.scalar_double,1.536e-05
fftw,256,f32,1171875,fp_arith_inst_retired.scalar_single,0.9922039466666667
fftw,256,f32,1171875,instructions,1899.6774152533333
yafft_v2,256,f32,1171875,cycles,1314.8745412266667
yafft_v2,256,f32,1171875,fp_arith_inst_retired.128b_packed_double,-8.533333333333334e-07
yafft_v2,256,f32,1171875,fp_arith_inst_retired.128b_packed_single,1771.2084804266667
yafft_v2,256,f32,1171875,fp_arith_inst_retired.256b_packed_double,0.0
yafft_v2,256,f32,1171875,fp_arith_inst_retired.256b_packed_single,0.0
yafft_v2,256,f32,1171875,fp_arith_inst_retired.512b_packed_double,0.0
yafft_v2,256,f32,1171875,fp_arith_inst_retired.512b_packed_single,0.0
yafft_v2,256,f32,1171875,fp_arith_inst_retired.scalar_double,1.1946666666666667e-05
yafft_v2,256,f32,1171875,fp_arith_inst_retired.scalar_single,0.9966318933333334
yafft_v2,256,f32,1171875,instructions,7044.4939784533335
yafft_v3,256,f32,1171875,cycles,815.5749905066667
yafft_v3,256,f32,1171875,fp_arith_inst_retired.128b_packed_double,3.4133333333333334e-06
yafft_v3,256,f32,1171875,fp_arith_inst_retired.128b_packed_single,0.0
yafft_v3,256,f32,1171875,fp_arith_inst_retired.256b_packed_double,0.0
yafft_v3,256,f32,1171875,fp_arith_inst_retired.256b_packed_single,990.4957934933333
yafft_v3,256,f32,1171875,fp_arith_inst_retired.512b_packed_double,0.0
yafft_v3,256,f32,1171875,fp_arith_inst_retired.512b_packed_single,0.0
yafft_v3,256,f32,1171875,fp_arith_inst_retired.scalar_double,-0.019876693333333334
yafft_v3,256,f32,1171875,fp_arith_inst_retired.scalar_single,0.9979733333333334
yafft_v3,256,f32,1171875,instructions,3641.376512853333
yafft_v4,256,f32,1171875,cycles,723.2138811733333
yafft_v4,256,f32,1171875,fp_arith_inst_retired.128b_packed_double,-0.005819733333333334
yafft_v4,256,f32,1171875,fp_arith_inst_retired.128b_packed_single,0.0
yafft_v4,256,f32,1171875,fp_arith_inst_retired.256b_packed_double,0.0
yafft_v4,256,f32,1171875,fp_arith_inst_retired.256b_packed_single,0.0
yafft_v4,256,f32,1171875,fp_arith_inst_retired.512b_packed_double,0.0
yafft_v4,256,f32,1171875,fp_arith_inst_retired.512b_packed_single,440.4120081066667
yafft_v4,256,f32,1171875,fp_arith_inst_retired.scalar_double,1.024e-05
yafft_v4,256,f32,1171875,fp_arith_inst_retired.scalar_single,1.0054306133333333
yafft_v4,256,f32,1171875,instructions,1960.7521297066667
fftw,512,f32,585937,cycles,894.4282866588046
fftw,512,f32,585937,fp_arith_inst_retired.128b_packed_double,-5.1200043690703945e-06
fftw,512,f32,585937,fp_arith_inst_retired.128b_packed_single,0.0
fftw,512,f32,585937,fp_arith_inst_retired.256b_packed_double,-2.2186685599305044e-05
fftw,512,f32,585937,fp_arith_inst_retired.256b_packed_single,2120.8002259628597
fftw,512,f32,585937,fp_arith_inst_retired.512b_packed_double,0.0
fftw,512,f32,585937,fp_arith_inst_retired.512b_packed_single,0.0
fftw,512,f32,585937,fp_arith_inst_retired.scalar_double,2.5600021845351976e-05
fftw,512,f32,585937,fp_arith_inst_retired.scalar_single,0.9978649581780976
fftw,512,f32,585937,instructions,3939.3534612082867
yafft_v2,512,f32,585937,cycles,2405.296366332899
yafft_v2,512,f32,585937,fp_arith_inst_retired.128b_packed_double,0.02713431648795007
yafft_v2,512,f32,585937,fp_arith_inst_retired.128b_packed_single,4163.534369735996
yafft_v2,512,f32,585937,fp_arith_inst_retired.256b_packed_double,0.0
yafft_v2,512,f32,585937,fp_arith_inst_retired.256b_packed_single,0.0
yafft_v2,512,f32,585937,fp_arith_inst_retired.512b_packed_double,0.0
yafft_v2,512,f32,585937,fp_arith_inst_retired.512b_packed_single,0.0
yafft_v2,512,f32,585937,fp_arith_inst_retired.scalar_double,-1.706668123023465e-05
yafft_v2,512,f32,585937,fp_arith_inst_retired.scalar_single,1.0005256537818912
yafft_v2,512,f32,585937,instructions,13324.787965259064
yafft_v3,512,f32,585937,cycles,1659.7729858329478
yafft_v3,512,f32,585937,fp_arith_inst_retired.128b_packed_double,2.0480017476281578e-05
yafft_v3,512,f32,585937,fp_arith_inst_retired.128b_packed_single,0.0
yafft_v3,512,f32,585937,fp_arith_inst_retired.256b_packed_double,0.0009693874938773281
yafft_v3,512,f32,585937,fp_arith_inst_retired.256b_packed_single,2211.430734020893
yafft_v3,512,f32,585937,fp_arith_inst_retired.512b_packed_double,0.0
yafft_v3,512,f32,585937,fp_arith_inst_retired.512b_packed_single,0.0
yafft_v3,512,f32,585937,fp_arith_inst_retired.scalar_double,-0.0001604268035642057
yafft_v3,512,f32,585937,fp_arith_inst_retired.scalar_single,0.999851519873297
yafft_v3,512,f32,585937,instructions,7235.129029230105
yafft_v4,512,f32,585937,cycles,1018.7261770463377
yafft_v4,512,f32,585937,fp_arith_inst_retired.128b_packed_double,0.00015360013107211184
yafft_v4,512,f32,585937,fp_arith_inst_retired.128b_packed_single,0.0
yafft_v4,512,f32,585937,fp_arith_inst_retired.256b_packed_double,0.0
yafft_v4,512,f32,585937,fp_arith_inst_retired.256b_packed_single,0.0
yafft_v4,512,f32,585937,fp_arith_inst_retired.512b_packed_double,0.0
yafft_v4,512,f32,585937,fp_arith_inst_retired.512b_packed_single,1044.0060962185355
yafft_v4,512,f32,585937,fp_arith_inst_retired.scalar_double,0.00010410675550443136
yafft_v4,512,f32,585937,fp_arith_inst_retired.scalar_single,0.9985663987766603
yafft_v4,512,f32,585937,instructions,3316.087746634877
fftw,1024,f32,292968,cycles,1970.6260205892793
fftw,1024,f32,292968,fp_arith_inst_retired.128b_packed_double,-0.04381024548756178
fftw,1024,f32,292968,fp_arith_inst_retired.128b_packed_single,0.0
fftw,1024,f32,292968,fp_arith_inst_retired.256b_packed_double,0.0
fftw,1024,f32,292968,fp_arith_inst_retired.256b_packed_single,4804.471679500833
fftw,1024,f32,292968,fp_arith_inst_retired.512b_packed_double,0.0
fftw,1024,f32,292968,fp_arith_inst_retired.512b_packed_single,0.0
fftw,1024,f32,292968,fp_arith_inst_retired.scalar_double,-0.00035157423336337073
fftw,1024,f32,292968,fp_arith_inst_retired.scalar_single,1.0047206520848693
fftw,1024,f32,292968,instructions,8414.997453646814
yafft_v2,1024,f32,292968,cycles,5712.324960405232
yafft_v2,1024,f32,292968,fp_arith_inst_retired.128b_packed_double,0.0001774937877174299
yafft_v2,1024,f32,292968,fp_arith_inst_retired.128b_packed_single,9279.423343163759
yafft_v2,1024,f32,292968,fp_arith_inst_retired.256b_packed_double,0.0
yafft_v2,1024,f32,292968,fp_arith_inst_retired.256b_packed_single,0.0
yafft_v2,1024,f32,292968,fp_arith_inst_retired.512b_packed_double,0.0
yafft_v2,1024,f32,292968,fp_arith_inst_retired.512b_packed_single,0.0
yafft_v2,1024,f32,292968,fp_arith_inst_retired.scalar_double,-6.485349935829169e-05
yafft_v2,1024,f32,292968,fp_arith_inst_retired.scalar_single,0.9968699653204446
yafft_v2,1024,f32,292968,instructions,31635.215566205185
yafft_v3,1024,f32,292968,cycles,2870.490312935201
yafft_v3,1024,f32,292968,fp_arith_inst_retired.128b_packed_double,0.01569454684470659
yafft_v3,1024,f32,292968,fp_arith_inst_retired.128b_packed_single,0.0
yafft_v3,1024,f32,292968,fp_arith_inst_retired.256b_packed_double,3.4133420714890364e-06
yafft_v3,1024,f32,292968,fp_arith_inst_retired.256b_packed_single,4800.311020316212
yafft_v3,1024,f32,292968,fp_arith_inst_retired.512b_packed_double,0.0
yafft_v3,1024,f32,292968,fp_arith_inst_retired.512b_packed_single,0.0
yafft_v3,1024,f32,292968,fp_arith_inst_retired.scalar_double,-7.850686764424784e-05
yafft_v3,1024,f32,292968,fp_arith_inst_retired.scalar_single,1.0007031484667268
yafft_v3,1024,f32,292968,instructions,13767.117251713498
yafft_v4,1024,f32,292968,cycles,2146.479526774255
yafft_v4,1024,f32,292968,fp_arith_inst_retired.128b_packed_double,-4.437344692935747e-05
yafft_v4,1024,f32,292968,fp_arith_inst_retired.128b_packed_single,0.0
yafft_v4,1024,f32,292968,fp_arith_inst_retired.256b_packed_double,-0.0019353649545342836
yafft_v4,1024,f32,292968,fp_arith_inst_retired.256b_packed_single,0.0
yafft_v4,1024,f32,292968,fp_arith_inst_retired.512b_packed_double,0.0
yafft_v4,1024,f32,292968,fp_arith_inst_retired.512b_packed_single,2387.378095901259
yafft_v4,1024,f32,292968,fp_arith_inst_retired.scalar_double,0.0001501870511455176
yafft_v4,1024,f32,292968,fp_arith_inst_retired.scalar_single,1.0006178149149396
yafft_v4,1024,f32,292968,instructions,6662.700803500724
fftw,2048,f32,146484,cycles,4288.86908467819
fftw,2048,f32,146484,fp_arith_inst_retired.128b_packed_double,-4.0960104857868435e-05
fftw,2048,f32,146484,fp_arith_inst_retired.128b_packed_single,0.0
fftw,2048,f32,146484,fp_arith_inst_retired.256b_packed_double,0.0
fftw,2048,f32,146484,fp_arith_inst_retired.256b_packed_single,10775.067693399962
fftw,2048,f32,146484,fp_arith_inst_retired.512b_packed_double,0.0
fftw,2048,f32,146484,fp_arith_inst_retired.512b_packed_single,0.0
fftw,2048,f32,146484,fp_arith_inst_retired.scalar_double,0.02858332650664919
fftw,2048,f32,146484,fp_arith_inst_retired.scalar_single,1.0275047104120587
fftw,2048,f32,146484,instructions,19152.894090822207
yafft_v2,2048,f32,146484,cycles,11671.184525272385
yafft_v2,2048,f32,146484,fp_arith_inst_retired.128b_packed_double,-0.0006280549411539827
yafft_v2,2048,f32,146484,fp_arith_inst_retired.128b_packed_single,20468.5473567079
yafft_v2,2048,f32,146484,fp_arith_inst_retired.256b_packed_double,0.0
yafft_v2,2048,f32,146484,fp_arith_inst_retired.256b_packed_single,0.0
yafft_v2,2048,f32,146484,fp_arith_inst_retired.512b_packed_double,0.0
yafft_v2,2048,f32,146484,fp_arith_inst_retired.512b_packed_single,0.0
yafft_v2,2048,f32,146484,fp_arith_inst_retired.scalar_double,-0.00020480052428934218
yafft_v2,2048,f32,146484,fp_arith_inst_retired.scalar_single,1.0019182982441768
yafft_v2,2048,f32,146484,instructions,60595.690723901585
yafft_v3,2048,f32,146484,cycles,7116.1223000464215
yafft_v3,2048,f32,146484,fp_arith_inst_retired.128b_packed_double,0.273347259768985
yafft_v3,2048,f32,146484,fp_arith_inst_retired.128b_packed_single,0.0
yafft_v3,2048,f32,146484,fp_arith_inst_retired.256b_packed_double,-1.3653368285956146e-05
yafft_v3,2048,f32,146484,fp_arith_inst_retired.256b_packed_single,10234.781662161055
yafft_v3,2048,f32,146484,fp_arith_inst_retired.512b_packed_double,0.0
yafft_v3,2048,f32,146484,fp_arith_inst_retired.512b_packed_single,0.0
yafft_v3,2048,f32,146484,fp_arith_inst_retired.scalar_double,0.00023893394500423254
yafft_v3,2048,f32,146484,fp_arith_inst_retired.scalar_single,1.003092487916769
yafft_v3,2048,f32,146484,instructions,27227.058170175584
yafft_v4,2048,f32,146484,cycles,6494.979110346522
yafft_v4,2048,f32,146484,fp_arith_inst_retired.128b_packed_double,-0.0006280549411539827
yafft_v4,2048,f32,146484,fp_arith_inst_retired.128b_packed_single,0.0
yafft_v4,2048,f32,146484,fp_arith_inst_retired.256b_packed_double,0.007768766554709047
yafft_v4,2048,f32,146484,fp_arith_inst_retired.256b_packed_single,0.0
yafft_v4,2048,f32,146484,fp_arith_inst_retired.512b_packed_double,0.0
yafft_v4,2048,f32,146484,fp_arith_inst_retired.512b_packed_single,5267.182101799514
yafft_v4,2048,f32,146484,fp_arith_inst_retired.scalar_double,-0.00552278747166926
yafft_v4,2048,f32,146484,fp_arith_inst_retired.scalar_single,1.003085661232626
yafft_v4,2048,f32,146484,instructions,14250.795199475711
fftw,4096,f32,100000,cycles,11019.342
fftw,4096,f32,100000,fp_arith_inst_retired.128b_packed_double,-0.00032
fftw,4096,f32,100000,fp_arith_inst_retired.128b_packed_single,0.0
fftw,4096,f32,100000,fp_arith_inst_retired.256b_packed_double,0.00013
fftw,4096,f32,100000,fp_arith_inst_retired.256b_packed_single,23993.83971
fftw,4096,f32,100000,fp_arith_inst_retired.512b_packed_double,0.0
fftw,4096,f32,100000,fp_arith_inst_retired.512b_packed_single,0.0
fftw,4096,f32,100000,fp_arith_inst_retired.scalar_double,0.0012
fftw,4096,f32,100000,fp_arith_inst_retired.scalar_single,0.9993
fftw,4096,f32,100000,instructions,41331.71027
yafft_v2,4096,f32,100000,cycles,26725.35707
yafft_v2,4096,f32,100000,fp_arith_inst_retired.128b_packed_double,-0.00094
yafft_v2,4096,f32,100000,fp_arith_inst_retired.128b_packed_single,44795.05741
yafft_v2,4096,f32,100000,fp_arith_inst_retired.256b_packed_double,0.0
yafft_v2,4096,f32,100000,fp_arith_inst_retired.256b_packed_single,0.0
yafft_v2,4096,f32,100000,fp_arith_inst_retired.512b_packed_double,0.0
yafft_v2,4096,f32,100000,fp_arith_inst_retired.512b_packed_single,0.0
yafft_v2,4096,f32,100000,fp_arith_inst_retired.scalar_double,-0.00913
yafft_v2,4096,f32,100000,fp_arith_inst_retired.scalar_single,1.00085
yafft_v2,4096,f32,100000,instructions,124668.17744
yafft_v3,4096,f32,100000,cycles,22400.54629
yafft_v3,4096,f32,100000,fp_arith_inst_retired.128b_packed_double,-0.00057
yafft_v3,4096,f32,100000,fp_arith_inst_retired.128b_packed_single,0.0
yafft_v3,4096,f32,100000,fp_arith_inst_retired.256b_packed_double,-0.0281
yafft_v3,4096,f32,100000,fp_arith_inst_retired.256b_packed_single,22406.69569
yafft_v3,4096,f32,100000,fp_arith_inst_retired.512b_packed_double,0.0
yafft_v3,4096,f32,100000,fp_arith_inst_retired.512b_packed_single,0.0
yafft_v3,4096,f32,100000,fp_arith_inst_retired.scalar_double,0.00207
yafft_v3,4096,f32,100000,fp_arith_inst_retired.scalar_single,1.00132
yafft_v3,4096,f32,100000,instructions,56671.10866
yafft_v4,4096,f32,100000,cycles,15591.0678
yafft_v4,4096,f32,100000,fp_arith_inst_retired.128b_packed_double,1.09162
yafft_v4,4096,f32,100000,fp_arith_inst_retired.128b_packed_single,0.0
yafft_v4,4096,f32,100000,fp_arith_inst_retired.256b_packed_double,-1e-05
yafft_v4,4096,f32,100000,fp_arith_inst_retired.256b_packed_single,0.0
yafft_v4,4096,f32,100000,fp_arith_inst_retired.512b_packed_double,0.0
yafft_v4,4096,f32,100000,fp_arith_inst_retired.512b_packed_single,11718.08991
yafft_v4,4096,f32,100000,fp_arith_inst_retired.scalar_double,-0.00226
yafft_v4,4096,f32,100000,fp_arith_inst_retired.scalar_single,0.99948
yafft_v4,4096,f32,100000,instructions,30378.05736
